FID,OBJECTID,STATEFP,UNSDLEA,GEOID,NAME,LSAD,LOGRADE,HIGRADE,MTFCC,SDTYP,FUNCSTAT,ALAND,AWATER,INTPTLAT,INTPTLON,Shape_Leng,Shape_Area,GEOID_Data,GEOID_NUM,FIN_NAME,DIST_NAME,DIST_PLAN,DIST_CODE,DIST_DPFSC,EN_07,EN_08,EN_09,EN_10,EN_11,EN_12,EN_13,EN_14,EN_15,EN_16,F5_NUM_CHG,PPR,PPR MLO,PPR (Includes MLO),MLO Sharing (%),F5_YEAR_GR,POP_TOT,POP_POV,K12_POV,HH_INCOME,ELEM_POP,MIDDLE_POP,HIGH_POP,K12_POP,PERCENT_MINORITY,FRL_PERCENT,ELL_PERCENT,IEP_PERCENT,POV_P,ELEM_QUAL,MIDDLE_QUA,HIGH_QUAL,ELEM_NEED,MI_NEED,HIGH_NEED,Shape__Area,Shape__Length
1,1028,8,6780,806780,Stratton School District R-4,0,PK,12,G5420, ,E,877947079,226321,39.283643,-102.5678827,1.612231552,0.091669717,97000US0806780,806780,STRATTON,STRATTON R-4,Accredited,1480,66,234,207,209,215,174,186,186,212,217,213,27,11728,589,12317,N/A,14.5,994,203,65,44716,70,52,83,205,0.23,0.563157895,0.117370892,0.169014085,0.3171,137,35,41,-67,17,42,1467488188,217919.3991
2,1029,8,6810,806810,Summit School District RE-1,0,PK,12,G5420, ,E,1332646560,19021697,39.5913789,-106.0810912,2.39567837,0.141729341,97000US0806810,806810,SUMMIT,SUMMIT RE-1,Accredited,3000,69,3062,3067,3089,3124,3151,3156,3287,3345,3506,3557,401,7914,1815,9730,N/A,12.7,28501,3914,667,67917,1533,929,1008,3469,0.3978,0.324308417,0.250773123,0.104863649,0.1923,1498,756,915,35,173,93,2279192315,298746.0638
3,1030,8,6840,806840,Swink School District 33,0,KG,12,G5420, ,E,164138194,741613,37.9638977,-103.6339068,0.748923134,0.016904154,97000US0806840,806840,SWINK,SWINK 33,Accredited,2570,68,369,374,378,374,355,346,336,351,381,366,20,9393,44,9437,N/A,5.8,1314,172,71,49063,115,61,87,264,0.3251,0.428961749,0,0.095628415,0.2689,167,93,106,-52,-32,-19,265698892.5,94881.7683
4,1031,8,6870,806870,Telluride School District R-1,0,KG,12,G5420, ,E,895177207,1386277,37.972765,-107.9481907,1.533114793,0.091912895,97000US0806870,806870,TELLURIDE,TELLURIDE R-1,Distinction,2830,85,715,710,699,697,752,806,842,898,935,900,94,10202,2000,12202,N/A,11.7,5951,564,76,60028,425,209,236,869,0.21,0.232222222,0.123333333,0.084444444,0.0875,247,201,269,178,8,-33,1444726377,193176.1186
5,1032,8,6900,806900,Northglenn-Thornton School District 12,0,PK,12,G5420, ,E,156506120,2409169,39.9247561,-104.9911464,0.727962847,0.016742977,97000US0806900,806900,NORTHGLENN,ADAMS 12 FIVE STAR SCHOOLS,Accredited,20,61,38821,40818,41949,41957,42990,43268,42230,38701,39287,38818,-4450,7494,957,8451,0.03,-10.3,222679,22588,5895,66968,21842,10159,12255,44256,0.4973,0.395881978,0.18749034,0.103792055,0.1332,15133,8094,6823,6709,2065,5432,270561827.6,92297.57272
6,1033,8,6930,806930,Plainview School District RE-2,0,KG,12,G5420, ,E,1372522110,2708561,38.4361952,-102.2460083,1.620468614,0.141904826,97000US0806930,806930,PLAINVIEW,PLAINVIEW RE-2,Improvement,1440,59,61,79,83,85,90,80,72,66,62,63,-17,14826,1085,15910,N/A,-21.3,324,40,18,38750,49,32,25,105,0.127,0.603448276,0,0.19047619,0.1714,0,0,22,49,32,3,2245112371,201739.0894
7,1034,8,6960,806960,Trinidad School District 1,0,PK,12,G5420, ,E,633169959,5308076,37.1637911,-104.6035462,1.581700423,0.064775875,97000US0806960,806960,TRINIDAD,TRINIDAD 1,Improvement,1580,54,1493,1540,1401,1352,1365,1198,1019,1025,1040,1040,-158,8201,0,8201,N/A,-13.2,9224,1518,245,42625,631,409,394,1434,0.7702,0.75,0.031730769,0.141346154,0.1709,0,236,0,631,173,394,1007304209,197315.7283
8,1035,8,6990,806990,Vilas School District RE-5,0,PK,12,G5420, ,E,466580637,0,37.3367461,-102.4333782,1.189644355,0.047440353,97000US0806990,806990,VILAS,VILAS RE-5,Improvement,260,47,3789,487,415,354,289,216,127,104,52,42,-174,15854,0,15854,N/A,-80.6,354,66,35,39375,56,28,13,97,0.2619,N/A,0,0.142857143,0.3608,21,1,13,35,27,0,739398584.8,149550.4569
9,1036,8,7050,807050,North Park School District R-1,0,PK,12,G5420, ,E,4179536193,18750017,40.6634319,-106.3292476,3.771639128,0.447106259,97000US0807050,807050,NORTH PARK,NORTH PARK R-1,Accredited,1410,66,218,232,230,211,196,206,213,190,197,192,-14,13138,0,13138,N/A,-6.8,1329,155,43,46014,94,38,34,166,0.1927,0.482352941,0.078125,0.223958333,0.259,0,43,48,94,-5,-14,7304560869,472651.7483
10,1037,8,7080,807080,Huerfano School District RE-1,0,PK,12,G5420, ,E,3541350701,5195636,37.7168395,-104.9480641,3.83346314,0.362424861,97000US0807080,807080,HUERFANO,HUERFANO RE-1,Improvement,1390,44,702,691,620,575,554,520,511,537,548,562,42,8490,0,8490,N/A,8.1,5101,955,131,29928,387,242,197,826,0.6584,0.771863118,0.010676157,0.135231317,0.1586,0,103,0,387,139,197,5677831668,466914.6635
11,1038,8,7110,807110,Walsh School District RE-1,0,PK,12,G5420, ,E,1986855945,869101,37.3318054,-102.1743828,2.160328917,0.202087627,97000US0807110,807110,WALSH,WALSH RE-1,Accredited,230,69,156,155,167,178,161,158,156,156,176,167,9,13350,0,13350,N/A,5.7,933,120,29,42083,46,16,33,96,0.2216,0.559701493,0.023952096,0.101796407,0.3021,0,15,41,46,1,-8,3149456806,277687.0771
12,1039,8,7140,807140,Weldon Valley School District RE-20J,0,PK,12,G5420, ,E,477925477,14186573,40.4322461,-104.0330005,1.154283816,0.052211033,97000US0807140,807140,WELDON,WELDON VALLEY RE-20(J),Improvement,2505,65,225,221,211,222,212,210,221,244,247,230,20,12164,45,12209,N/A,9.5,769,45,8,48333,37,26,38,100,0.1652,0.413461538,0,0.12173913,0.08,116,15,66,-79,11,-28,849720608.6,149901.3488
13,1040,8,7200,807200,Custer County School District C-1,0,PK,12,G5420, ,E,1753494167,3258533,38.1006637,-105.4101323,2.365502378,0.180444356,97000US0807200,807200,WESTCLIFFE,CUSTER COUNTY SCHOOL DISTRICT C-1,Accredited,860,69,519,514,489,454,443,414,411,397,393,373,-41,9577,0,9577,N/A,-9.9,3805,736,115,31627,264,133,181,579,0.0804,0.495677233,0,0.115281501,0.1986,170,76,127,94,57,54,2841595122,291061.5232
14,1041,8,7230,807230,Westminster School District 50,0,PK,12,G5420, ,E,37187500,1388761,39.8327009,-105.0273739,0.350386854,0.004058659,97000US0807230,807230,WESTMINSTER,WESTMINSTER PUBLIC SCHOOLS,Priority Improvement,70,42,9969,9724,9862,10049,10124,10069,10101,10161,9504,9638,-431,8051,897,8948,N/A,-4.3,73576,12325,2939,49030,6057,2816,3685,12558,0.8476,0.822281167,0.393753891,0.114027807,0.234,1092,826,0,4965,1990,3685,65494058.97,45591.62843
15,1042,8,7260,807260,Primero Reorganized School District 2,0,PK,12,G5420, ,E,1298060128,996855,37.1079253,-104.9553433,1.761257978,0.131718637,97000US0807260,807260,PRIMERO,PRIMERO REORGANIZED 2,Accredited,1590,71,233,213,231,221,189,198,196,197,203,198,0,12789,2362,15151,N/A,0,962,153,44,47788,50,44,47,141,0.404,0.606557377,0.03030303,0.111111111,0.3121,103,41,54,-53,3,-7,2047156958,215681.6196
16,1043,8,7290,807290,Wiggins School District RE-50J,0,PK,12,G5420, ,E,894720807,38765764,40.194913,-104.1297177,1.920698098,0.098735825,97000US0807290,807290,WIGGINS,WIGGINS RE-50(J),Accredited,2515,71,586,563,566,547,537,550,563,575,558,573,23,8322,0,8322,N/A,4.2,2722,410,133,50789,190,92,178,459,0.3019,0.469811321,0.095986038,0.083769634,0.2898,292,129,0,-102,-37,178,1601904588,251344.3514
17,1044,8,7320,807320,Wiley School District RE-13-JT,0,PK,12,G5420, ,E,244902614,727685,38.1944985,-102.7328577,0.920562572,0.025259077,97000US0807320,807320,WILEY,WILEY RE-13 JT,Accredited,2680,60,284,255,236,237,235,242,226,250,262,268,26,10830,0,10830,N/A,10.7,886,73,31,45000,98,26,33,156,0.2649,0.44534413,0.03358209,0.063432836,0.1987,131,0,81,-33,26,-48,398241821.9,114884.7174
18,1045,8,7350,807350,Windsor School District RE-4,0,PK,12,G5420, ,E,257016055,7767357,40.5003199,-104.8780189,0.840914904,0.028130002,97000US0807350,807350,WINDSOR,WINDSOR RE-4,Accredited,3100,69,3868,3965,4082,4364,4582,4739,4821,5102,5524,6034,1295,7272,435,7707,0.22,27.3,23398,1544,445,75918,1968,1153,1746,4867,0.1912,0.163407584,0.016572754,0.08634405,0.0914,1897,1445,1582,71,-292,164,458430863.4,110430.8105
19,1046,8,7380,807380,Woodland Park School District RE-2,0,PK,12,G5420, ,E,750878419,1938007,38.9934585,-105.1912155,1.161194505,0.078277929,97000US0807380,807380,WOODLAND PARK,WOODLAND PARK RE-2,Accredited,3020,61,2990,2883,2797,2752,2753,2617,2586,2495,2498,2480,-137,7347,469,7815,N/A,-5.2,18007,1313,228,65397,1176,662,1043,2881,0.1641,0.310286678,0.023790323,0.084274194,0.0791,1140,579,0,36,83,1043,1248163553,147101.1532
20,1047,8,7410,807410,Woodlin School District R-104,0,PK,12,G5420, ,E,1626120915,3212093,39.7640174,-103.5019588,1.933374023,0.171271532,97000US0807410,807410,WOODLIN,WOODLIN R-104,Accredited,3070,59,101,99,105,113,105,93,90,102,110,113,20,15021,2460,17481,N/A,21.5,472,83,33,40500,52,25,23,101,0.1593,0.489795918,0.008849558,0.088495575,0.3267,0,0,26,52,25,-3,2761281858,244844.8443
21,870,8,1,800001,Cheyenne County School District RE-5,0,PK,12,G5420, ,E,2336588242,286959,38.8363887,-102.3269763,2.032080275,0.242412305,97000US0800001,800001,CHEYENNE,CHEYENNE COUNTY RE-5,Accredited,520,66,219,201,189,206,206,203,179,182,183,194,-9,13032,1289,14321,N/A,-4.4,1452,133,15,50500,161,71,75,306,0.1289,0.441176471,0.036082474,0.175257732,0.049,105,13,57,56,58,18,3855952458,253267.4648
22,871,8,16,800016,Yuma School District 1,0,PK,12,G5420, ,E,1897738954,928298,40.1246352,-102.6333456,2.052547331,0.200590566,97000US0800016,800016,YUMA 1,YUMA 1,Accredited,3200,63,826,836,823,849,829,816,813,824,821,807,-9,8524,1550,10074,N/A,-1.1,4797,645,91,41320,332,57,179,568,0.5514,0.617918314,0.365551425,0.115241636,0.1602,288,257,0,44,-200,179,3250573005,271193.7231
23,872,8,17,800017,Wray School District RD-2,0,PK,12,G5420, ,E,2067327082,1754391,40.1197393,-102.236356,2.015912361,0.218589635,97000US0800017,800017,WRAY RD-2,WRAY RD-2,Accredited,3210,64,678,697,702,714,728,741,724,693,689,675,-66,8204,597,8801,N/A,-8.9,4011,609,205,44760,491,215,301,1006,0.3037,0.573248408,0.152592593,0.125925926,0.2038,318,213,144,173,2,157,3542193140,264034.9709
24,873,8,18,800018,Idalia School District RJ-3,0,PK,12,G5420, ,E,1017006012,7898169,39.7098238,-102.2731641,1.479727304,0.107647958,97000US0800018,800018,IDALIA RJ-3,IDALIA RJ-3,Accredited,3220,59,157,160,162,157,161,186,182,201,218,226,40,12365,0,12365,N/A,21.5,532,92,54,52917,109,44,19,171,0.2611,0.567961165,0.181415929,0.092920354,0.3158,128,15,48,-19,29,-29,1734098236,186079.9516
25,874,8,19,800019,Liberty School District J-4,0,PK,12,G5420, ,E,979496219,525937,39.6773444,-102.622463,1.592904596,0.102883764,97000US0800019,800019,LIBERTY J-4,LIBERTY J-4,Distinction,3230,78,99,88,89,86,83,80,69,80,77,80,0,16041,423,16465,N/A,0,580,41,15,52813,60,25,24,109,0.15,0.307692308,0.05,0.0625,0.1376,0,13,15,60,12,9,1656506823,203328.5167
26,875,8,1920,801920,Academy School District 20,0,PK,12,G5420, ,E,332084029,165582,38.9914897,-104.7892297,1.025656972,0.034544576,97000US0801920,801920,ACADEMY,ACADEMY 20,Distinction,1040,74,21423,21917,22620,23119,23657,23973,24481,24578,25063,25591,1618,7264,1099,8364,0.65,6.7,95880,5072,1322,92196,8603,4779,7313,20695,0.2758,0.135498453,0.021999922,0.082060099,0.0639,10734,5370,8118,-2131,-591,-805,550768094.7,126147.5789
27,876,8,1950,801950,Adams County School District 14,0,PK,12,G5420, ,E,119300876,3722345,39.836175,-104.8749334,0.714587783,0.01294454,97000US0801950,801950,COMMERCE CITY,ADAMS COUNTY 14,Priority Improvement,30,38,6731,7058,7422,7549,7321,7500,7598,7584,7577,7467,-33,8005,686,8691,N/A,-0.4,38371,10113,3375,41653,4527,2189,2872,9587,0.8834,0.85034904,0.455872506,0.10794161,0.352,0,795,0,4527,1394,2872,208902659.7,90342.44453
28,877,8,1980,801980,Agate School District 300,0,PK,12,G5420, ,E,1188816927,123516,39.3650295,-104.01917,1.855012835,0.124403706,97000US0801980,801980,AGATE,AGATE 300,Accredited,960,0,64,56,45,33,9,10,12,10,3,5,-5,16232,0,16232,N/A,-50,823,81,18,52917,79,7,22,108,0.4,N/A,0.4,0.2,0.1667,0,0,0,79,7,22,1996350461,228509.1505
29,878,8,2010,802010,Aguilar Reorganized School District 6,0,PK,12,G5420, ,E,1879179353,158386,37.5488542,-104.4910197,2.988922831,0.191480854,97000US0802010,802010,AGUILAR,AGUILAR REORGANIZED 6,Priority Improvement,1620,36,154,135,133,112,94,97,107,130,124,124,27,14227,264,14491,N/A,27.8,1292,231,56,42273,65,47,75,186,0.621,0.756756757,0.024193548,0.112903226,0.3011,0,0,0,65,47,75,2990724123,365247.5977
30,879,8,2040,802040,Akron School District R-1,0,PK,12,G5420, ,E,1704180107,440534,40.1413211,-103.2548311,2.308417555,0.180144459,97000US0802040,802040,AKRON,AKRON R-1,Accredited,3030,66,401,391,384,381,359,354,358,357,351,378,24,9709,0,9709,N/A,6.8,2330,247,30,45434,162,71,147,379,0.2302,0.502762431,0.05026455,0.121693122,0.0792,199,0,109,-37,71,38,2920142231,297539.0716
31,880,8,2070,802070,Alamosa School District RE-11J,0,PK,12,G5420, ,E,852136289,1545318,37.4692166,-105.8289777,1.749208089,0.086952247,97000US0802070,802070,ALAMOSA,ALAMOSA RE-11J,Improvement,100,56,2147,2119,2046,2081,2098,2072,2046,2136,2237,2339,267,7272,0,7272,N/A,12.9,14207,4158,798,32118,1199,662,770,2631,0.6994,0.630611372,0.138520735,0.107310817,0.3033,1158,0,598,41,662,172,1357651869,210122.4917
32,881,8,2130,802130,South Conejos School District RE-10,0,PK,12,G5420, ,E,1315360312,1700777,37.0878409,-106.1995407,2.36802356,0.13349805,97000US0802130,802130,SOUTH CONEJOS,SOUTH CONEJOS RE-10,Priority Improvement,580,53,279,268,280,237,224,208,215,218,216,212,4,12267,0,12267,N/A,1.9,1950,418,89,29167,156,73,111,340,0.9292,0.787735849,0.122641509,0.061320755,0.2618,0,31,0,156,42,111,2073804122,276552.1254
33,882,8,2190,802190,Archuleta County School District 50-JT,0,KG,12,G5420, ,E,4071193694,6825659,37.2648486,-107.0789593,3.597717966,0.414239537,97000US0802190,802190,ARCHULETA,ARCHULETA COUNTY 50 JT,Accredited,220,61,1545,1525,1517,1492,1405,1371,1323,1326,1372,1568,197,7714,0,7714,N/A,14.4,11498,1372,310,46154,695,319,536,1551,0.4184,0.460459184,0.083545918,0.084183673,0.1999,0,534,417,695,-215,119,6450068870,445917.121
34,883,8,2220,802220,Arickaree School District R-2,0,PK,12,G5420, ,E,1655592500,3665471,39.7469167,-103.0322247,2.029536161,0.174376566,97000US0802220,802220,ARICKAREE,ARICKAREE R-2,Accredited,3040,61,112,123,113,111,104,108,114,107,103,97,-11,14732,78,14810,N/A,-10.2,531,60,7,48750,45,26,36,107,0.3196,0.450549451,0.237113402,0.113402062,0.0654,39,0,38,6,26,-2,2810694582,252231.019
35,884,8,2260,802260,Arriba-Flagler School District C-20,0,PK,12,G5420, ,E,1863208770,4925369,39.3281352,-103.1635083,1.991814816,0.195153123,97000US0802260,802260,ARRIBA-FLAGLER,ARRIBA-FLAGLER C-20,Accredited,1450,61,172,181,165,170,167,176,187,195,184,198,22,12583,0,12583,N/A,12.5,1083,196,45,32500,73,38,76,186,0.1263,0.554913295,0.015151515,0.186868687,0.2419,114,0,42,-41,38,34,3126448157,256142.9977
36,885,8,2280,802280,Aspen School District 1,0,PK,12,G5420, ,E,1117805310,1061480,39.1581716,-106.6685596,1.933950861,0.116602338,97000US0802280,802280,ASPEN,ASPEN 1,Distinction,2640,78,1633,1656,1698,1727,1712,1732,1728,1756,1727,1698,-34,9905,2783,12688,0.53,-2,13077,1013,89,72982,666,555,600,1821,0.1502,0.047904192,0.071260306,0.091283863,0.0489,92,492,566,574,63,34,1863349657,241559.0546
37,886,8,2310,802310,Ault-Highland School District RE-9,0,KG,12,G5420, ,E,1388889484,1039998,40.787793,-104.7749292,1.780830637,0.148297657,97000US0802310,802310,AULT-HIGHLAND,AULT-HIGHLAND RE-9,Accredited,3145,67,832,842,816,846,795,770,765,761,829,853,83,7900,997,8896,N/A,10.8,5843,894,225,56037,489,221,303,1012,0.3306,0.47010551,0.121922626,0.090269637,0.2223,392,213,248,97,8,55,2427338620,231099.2922
38,887,8,2340,802340,Adams-Arapahoe School District 28J,0,PK,12,G5420, ,E,303006796,291817,39.7141863,-104.7285303,1.057969725,0.031859184,97000US0802340,802340,AURORA,ADAMS-ARAPAHOE 28J,Improvement,180,46,33573,35523,36967,38605,39696,39835,40877,41729,42249,41797,1962,7972,961,8933,0.48,4.9,215993,42273,11939,46977,21258,9304,11983,42545,0.8277,0.664501893,0.39261191,0.115032179,0.2806,10453,4558,3360,10805,4746,8623,513269074,131599.56
39,888,8,2370,802370,Platte Canyon School District 1,0,PK,12,G5420, ,E,814998077,1132374,39.4976281,-105.6499586,1.569456068,0.085421376,97000US0802370,802370,PLATTE CANYON,PLATTE CANYON 1,Distinction,2600,75,1282,1301,1248,1209,1092,1089,1031,1017,1055,989,-100,8164,596,8760,N/A,-9.2,9449,396,82,63980,571,291,467,1329,0.1901,0.30429989,0.007077856,0.131445905,0.0617,467,237,285,104,54,182,1371160404,192207.8342
40,889,8,2400,802400,Bayfield School District R-10-JT,0,PK,12,G5420, ,E,1061394340,14563747,37.4989744,-107.5769734,1.93036675,0.109529271,97000US0802400,802400,BAYFIELD,BAYFIELD 10 JT-R,Accredited,1530,65,1358,1345,1406,1405,1362,1402,1340,1325,1357,1381,-21,7930,1687,9617,N/A,-1.5,7928,563,25,66674,492,281,386,1159,0.2223,0.26641791,0.025343954,0.100651702,0.0216,0,335,359,492,-54,27,1709158368,241811.0767
41,890,8,2430,802430,Bennett School District 29-J,0,PK,12,G5420, ,E,746081160,3698886,39.7454414,-104.4963778,1.340901641,0.078781597,97000US0802430,802430,BENNETT,BENNETT 29J,Improvement,50,55,1152,1139,1127,1150,1085,1044,1013,1079,1100,1089,45,7942,0,7942,N/A,4.3,5596,435,101,69634,428,269,343,1039,0.2792,0.334305151,0.083562902,0.152433425,0.0972,0,0,358,428,269,-15,1269592083,173500.9673
42,891,8,2460,802460,Bethune School District R-5,0,PK,12,G5420, ,E,624533203,51803,39.2973708,-102.3967506,1.392143318,0.065219515,97000US0802460,802460,BETHUNE,BETHUNE R-5,Accredited,1490,59,124,129,126,130,133,133,132,117,113,110,-23,14238,0,14238,N/A,-17.3,592,104,41,51563,65,36,43,144,0.3727,0.788461538,0.245454545,0.118181818,0.2847,0,21,43,65,15,0,1044405129,189319.517
43,892,8,2490,802490,Boulder Valley School District RE-2,0,PK,12,G5420, ,E,1227945005,20882381,39.9974059,-105.400915,2.075630875,0.131705688,97000US0802490,802490,BOULDER,BOULDER VALLEY RE 2,Accredited,480,69,28696,28875,29011,29526,29780,30041,30546,30908,31247,31189,1148,7575,1850,9425,1.05,3.8,214410,30455,2439,71872,13768,7279,9645,30692,0.3092,0.206402167,0.097213761,0.107890602,0.0795,11821,5399,9667,1947,1880,-22,2130502771,252221.841
44,893,8,2520,802520,Branson Reorganized School District 82,0,KG,12,G5420, ,E,1869521091,0,37.1687855,-103.8488087,3.022108872,0.18968186,97000US0802520,802520,BRANSON,BRANSON REORGANIZED 82,Improvement,1750,52,653,513,493,470,438,452,480,450,464,471,19,7230,457,7687,N/A,4.2,155,8,0,36250,16,4,1,21,0.2994,0.168085106,0,0.023354565,0,0,0,12,16,4,-11,2949784563,368406.9155
45,894,8,2550,802550,Briggsdale School District RE-10,0,KG,12,G5420, ,E,1019182638,512315,40.6249825,-104.2870969,1.641041528,0.108519307,97000US0802550,802550,BRIGGSDALE,BRIGGSDALE RE-10,Accredited,3146,68,142,151,161,157,156,162,162,177,173,181,19,13253,1175,14428,N/A,11.7,621,54,14,65625,58,10,69,138,0.1492,0.323353293,0.016574586,0.099447514,0.1014,0,0,67,58,10,2,1771660787,208346.9313
46,895,8,2580,802580,Brighton School District 27J,0,PK,12,G5420, ,E,534356212,15101090,39.9379374,-104.7132425,1.933223231,0.057896346,97000US0802580,802580,BRIGHTON,SCHOOL DISTRICT 27J,Improvement,40,52,12608,13711,14469,15063,15649,16163,16698,17103,17042,17115,952,7386,44,7430,1.02,5.9,82971,4575,1016,80128,8586,4302,4874,17762,0.5329,0.368440101,0.126730938,0.11037102,0.0572,6313,974,2482,2273,3328,2392,935698128.2,236886.0369
47,896,8,2610,802610,Brush School District RE-2J,0,PK,12,G5420, ,E,1102796530,3169639,40.2409499,-103.5268137,1.893635274,0.117069634,97000US0802610,802610,BRUSH,BRUSH RE-2(J),Improvement,2395,52,1552,1530,1486,1510,1501,1547,1564,1518,1484,1543,-4,7870,272,8141,N/A,-0.3,7587,760,172,46790,654,277,436,1367,0.4919,0.610054348,0.137394686,0.104342191,0.1258,0,206,0,654,71,436,1900846321,247062.135
48,897,8,2640,802640,Buena Vista School District R-31,0,PK,12,G5420, ,E,1739099572,3380647,38.8368689,-106.2952552,2.566848879,0.180800314,97000US0802640,802640,BUENA VISTA,BUENA VISTA R-31,Distinction,490,68,1012,992,969,985,1013,994,968,950,1016,998,4,7809,1962,9771,N/A,0.4,7324,595,105,53056,447,252,243,942,0.1693,0.328571429,0.011022044,0.115230461,0.1115,0,242,261,447,10,-18,2876674067,313420.9818
49,898,8,2670,802670,Burlington School District RE-6J,0,PK,12,G5420, ,E,1568329948,837856,39.3216667,-102.2232314,1.948377866,0.163898111,97000US0802670,802670,BURLINGTON,BURLINGTON RE-6J,Improvement,1500,45,776,799,819,830,832,814,828,784,778,775,-39,7886,0,7886,N/A,-4.8,4211,718,238,41207,372,189,219,780,0.449,0.578212291,0.241290323,0.143225806,0.3051,340,208,0,32,-19,219,2625343943,253303.0908
50,899,8,2700,802700,Byers School District 32J,0,PK,12,G5420, ,E,1179673606,16443089,39.8628815,-104.0144084,2.141484395,0.125859447,97000US0802700,802700,BYERS,BYERS 32J,Improvement,190,49,540,523,480,473,494,563,647,2142,3035,3019,2456,7420,121,7541,N/A,436.2,2617,306,60,65554,232,126,160,518,0.4044,0.395637584,0.213315667,0.055647565,0.1158,273,117,141,-41,9,19,2031218629,271467.3687
51,900,8,2730,802730,Calhan School District RJ-1,0,PK,12,G5420, ,E,579318107,429322,39.0662376,-104.2791368,1.442773288,0.060333691,97000US0802730,802730,CALHAN,CALHAN RJ-1,Accredited,970,67,648,627,639,620,526,510,472,463,460,442,-68,8061,0,8061,N/A,-13.3,2954,264,51,52363,204,119,193,515,0.1946,0.485849057,0.004524887,0.140271493,0.099,175,115,152,29,4,41,962855821.2,183973.4984
52,901,8,2760,802760,Campo School District RE-6,0,PK,12,G5420, ,E,990273994,16133,37.064203,-102.5893574,1.595238341,0.100361704,97000US0802760,802760,CAMPO,CAMPO RE-6,Accredited,270,56,48,54,49,58,57,49,44,44,37,39,-10,15237,3093,18330,N/A,-20.4,170,51,0,28333,1,2,6,8,0.1538,N/A,0,0.102564103,0,0,0,0,1,2,6,1559036771,190265.9828
53,902,8,2790,802790,Ca0on City School District RE-1,0,KG,12,G5420, ,E,1704618399,209381,38.5275385,-105.2990143,2.389948014,0.176141919,97000US0802790,802790,CANON CITY,CANON CITY RE-1,Accredited,1140,58,3800,3810,3699,3702,3738,3622,3650,3603,3672,3626,4,7272,0,7272,N/A,0.1,23377,4358,1217,40496,1494,917,1205,3616,0.1983,0.505239934,0.012686156,0.145063431,0.3366,782,896,1037,712,21,168,2790450027,293192.5835
54,903,8,2850,802850,Center School District 26-JT,0,PK,12,G5420, ,E,866897825,1266462,37.8283043,-106.1979474,1.616174192,0.088847939,97000US0802850,802850,CENTER,CENTER 26 JT,Improvement,2810,49,602,576,605,580,612,623,657,649,648,635,12,8828,0,8828,N/A,1.9,3053,903,231,31941,244,116,210,570,0.9055,0.946308725,0.376377953,0.067716535,0.4053,0,121,167,244,-5,43,1394001457,197068.3475
55,904,8,2880,802880,Cheraw School District 31,0,PK,12,G5420, ,E,333481529,9959134,38.1438813,-103.4926705,0.966564709,0.035297218,97000US0802880,802880,CHERAW,CHERAW 31,Accredited,2560,66,197,208,210,219,219,222,231,229,213,216,-6,12238,0,12238,N/A,-2.7,613,27,1,48125,58,15,23,96,0.3009,0.628712871,0,0.106481481,0.0104,0,47,48,58,-32,-25,556184245,120728.0375
56,905,8,2910,802910,Cherry Creek School District 5,0,PK,12,G5420, ,E,280042211,4293873,39.615639,-104.7846505,1.650598177,0.029823261,97000US0802910,802910,CHERRY CREEK,CHERRY CREEK 5,Accredited,130,66,50631,51115,51708,52166,52589,53368,54226,54499,54695,54815,1447,7623,1605,9228,0.51,2.7,291561,23521,4654,74387,25208,13420,17626,56255,0.4672,0.300167649,0.103730731,0.11823406,0.0827,20375,9841,13935,4833,3579,3691,479748680.3,203630.8143
57,906,8,2940,802940,Cheyenne Mountain School District 12,0,PK,12,G5420, ,E,135610472,788317,38.776199,-104.9257621,0.776889315,0.014139793,97000US0802940,802940,CHEYENNE MOUNTAIN,CHEYENNE MOUNTAIN 12,Distinction,1020,83,4851,4643,4578,4561,4612,4651,5127,5148,5104,5224,573,7272,971,8242,N/A,12.3,22638,1342,328,80000,1627,933,1245,3805,0.291,0.1443766,0.03101072,0.091309342,0.0862,2251,1253,1573,-624,-320,-328,224764306.7,94938.47784
58,907,8,3000,803000,Clear Creek School District RE-1,0,PK,12,G5420, ,E,1023554877,3279667,39.6894025,-105.6707833,1.720093311,0.107815436,97000US0803000,803000,CLEAR CREEK,CLEAR CREEK RE-1,Accredited,540,68,1044,994,974,989,993,959,930,890,896,858,-101,8226,2299,10526,0.34,-10.5,8969,748,80,67710,459,287,342,1087,0.176,0.27133758,0.003496503,0.093240093,0.0736,260,140,228,199,147,114,1736216273,211108.2618
59,908,8,3030,803030,Plateau Valley School District 50,0,PK,12,G5420, ,E,2076607791,8573518,39.2189855,-107.9100166,2.865869104,0.21742582,97000US0803030,803030,PLATEAU VALLEY,PLATEAU VALLEY 50,Improvement,1990,45,479,510,489,471,489,508,450,459,452,437,-71,8607,790,9397,N/A,-14,2262,487,87,57850,109,76,115,301,0.2494,0.278301887,0.013729977,0.077803204,0.289,0,80,0,109,-4,115,3476740316,349891.4281
60,909,8,3060,803060,Colorado Springs School District 11,0,PK,12,G5420, ,E,185979581,470959,38.8716965,-104.7965789,0.825807502,0.019353164,97000US0803060,803060,COLORADO SPRINGS,COLORADO SPRINGS 11,Improvement,1010,48,29518,29271,29641,29459,29509,28993,28404,28332,27937,27911,-1082,7555,1142,8697,0.37,-3.7,233078,34852,6735,47907,16484,8495,11011,35990,0.4831,0.600954304,0.078105406,0.092365017,0.1871,8553,2439,3808,7931,6056,7203,308035978.9,103991.134
61,910,8,3090,803090,Montezuma-Cortez School District RE-1,0,PK,12,G5420, ,E,3384391311,3607280,37.254752,-108.7522496,3.272738675,0.344191177,97000US0803090,803090,MONTEZUMA,MONTEZUMA-CORTEZ RE-1,Improvement,2035,42,3028,3085,2946,2929,2830,2753,2837,2787,2782,2822,69,7408,0,7408,N/A,2.5,18259,3600,922,42673,1370,779,979,3127,0.505,0.676567657,0.055634302,0.11977321,0.2949,98,18,0,1272,761,979,5359953512,404163.6033
62,911,8,3120,803120,Cotopaxi School District RE-3,0,PK,12,G5420, ,E,1324446914,15955,38.4059859,-105.6680308,1.848587167,0.136632804,97000US0803120,803120,COTOPAXI,COTOPAXI RE-3,Accredited,1160,67,273,235,224,222,205,220,211,221,203,200,-20,12364,0,12364,N/A,-9.1,2757,252,15,39160,128,96,128,352,0.11,0.513368984,0,0.125,0.0426,0,49,71,128,47,57,2161111084,231918.9758
63,912,8,3150,803150,Creede Consolidated School District 1,0,PK,12,G5420, ,E,2268152612,5222161,37.6514834,-106.9323033,2.045066487,0.232168541,97000US0803150,803150,CREEDE,CREEDE SCHOOL DISTRICT,Distinction,2010,77,123,115,101,92,81,78,80,77,84,81,3,15362,868,16231,N/A,3.8,733,56,0,48125,24,15,12,51,0.0988,0.62962963,0,0.061728395,0,30,23,28,-6,-8,-16,3634702484,263045.3889
64,913,8,3180,803180,Cripple Creek-Victor School District RE-1,0,PK,12,G5420, ,E,691870240,3006571,38.7648886,-105.1446164,1.279044114,0.072011956,97000US0803180,803180,CRIPPLE CREEK,CRIPPLE CREEK-VICTOR RE-1,Improvement,3010,46,513,459,469,441,404,377,379,384,357,374,-3,10443,1685,12127,N/A,-0.8,5110,415,59,51906,220,101,253,573,0.1417,0.700581395,0.005347594,0.117647059,0.103,0,0,98,220,101,155,1144331450,157776.6313
65,914,8,3210,803210,Crowley County School District RE-1-J,0,PK,12,G5420, ,E,1954868625,31770405,38.3466345,-103.7496089,2.088255763,0.204737739,97000US0803210,803210,CROWLEY,CROWLEY COUNTY RE-1-J,Improvement,770,56,503,486,495,493,479,446,448,437,445,437,-9,8453,0,8453,N/A,-2,4148,1370,374,30493,482,266,203,950,0.5744,0.729977117,0.004576659,0.116704805,0.3937,0,0,125,482,266,78,3235100404,265498.6387
66,915,8,3240,803240,De Beque School District 49-JT,0,PK,12,G5420, ,E,2999986640,2524693,39.4805592,-108.5961659,3.21224266,0.314340697,97000US0803240,803240,DEBEQUE,DE BEQUE 49JT,Accredited,1980,60,155,164,160,136,125,135,146,151,149,190,55,13044,32,13077,N/A,40.7,761,75,25,46071,68,26,52,146,0.1,0.456140351,0.010526316,0.084210526,0.1712,0,27,0,68,-1,52,5047059678,392013.2365
67,916,8,3270,803270,Deer Trail School District 26J,0,PK,12,G5420, ,E,929501921,6080125,39.6868575,-103.8942514,1.455241514,0.098218112,97000US0803270,803270,DEER TRAIL,DEER TRAIL 26J,Improvement,170,45,177,172,165,167,178,185,176,184,189,196,11,13769,36,13805,N/A,5.9,886,118,17,44444,75,35,33,143,0.2857,0.552325581,0.163265306,0.209183673,0.1189,0,0,61,75,35,-28,1581405501,179379.5098
68,917,8,3300,803300,Del Norte School District C-7,0,KG,12,G5420, ,E,1521951506,437179,37.6185218,-106.4905693,1.952107758,0.155325593,97000US0803300,803300,DEL NORTE,DEL NORTE C-7,Improvement,2730,52,591,565,597,567,522,475,443,417,426,440,-35,8626,1897,10523,N/A,-7.4,4227,875,199,35965,298,159,181,638,0.5727,0.536363636,0.034090909,0.084090909,0.3119,0,0,146,298,159,35,2429353095,243761.0483
69,918,8,3330,803330,Delta County School District 50J,0,PK,12,G5420, ,E,4543875225,20944292,38.8396543,-107.8212269,4.410423047,0.473620137,97000US0803330,803330,DELTA,DELTA COUNTY 50(J),Accredited,870,59,5439,5510,5337,5301,5284,5355,5062,5075,4984,5011,-344,7435,0,7435,N/A,-6.4,29550,4723,1102,42709,2247,1216,1469,4932,0.269,0.565032888,0.056874875,0.13430453,0.2234,1668,1023,1368,579,193,101,7535199374,550200.9443
70,919,8,3360,803360,Denver County School District 1,0,PK,12,G5420, ,E,397136421,4225831,39.7618502,-104.8811054,2.745285949,0.042186102,97000US0803360,803360,DENVER,DENVER COUNTY 1,Improvement,880,54,73053,74176,77255,78317,80890,83377,86043,88839,90234,91132,7755,7918,1445,9362,0.84,9.3,636923,110299,24016,53637,46715,20284,24177,91177,0.7668,0.678055236,0.336303384,0.105967169,0.2634,33961,14475,13692,12754,5809,10485,680068168.5,341632.4357
71,920,8,3390,803390,Dolores School District RE-4A,0,PK,12,G5420, ,E,951670374,21825229,37.5591767,-108.280395,2.070667055,0.099257655,97000US0803390,803390,DOLORES-MONTEZUMA,DOLORES RE-4A,Improvement,2055,47,734,735,710,689,722,784,775,796,790,733,-51,8127,560,8687,N/A,-6.5,3567,419,64,50282,251,118,169,539,0.2401,0.3632287,0.020463847,0.090040928,0.1187,0,0,165,251,118,4,1551350792,245769.5041
72,921,8,3420,803420,Dolores County School District RE-2,0,PK,12,G5420, ,E,3394306380,2716141,37.7822083,-108.5816994,3.684682118,0.347514624,97000US0803420,803420,DOLORES,DOLORES COUNTY RE NO.2,Insufficient State Data: Low Participation,890,62,293,293,291,309,293,288,293,269,283,273,-15,10143,0,10143,N/A,-5.2,1998,433,61,31583,182,74,61,316,0.0989,0.593495935,0,0.120879121,0.193,0,0,65,182,74,-4,5449954011,451112.1478
73,922,8,3450,803450,Douglas County School District RE-1,0,PK,12,G5420, ,E,2242757918,6758463,39.3383105,-104.9069045,2.431144046,0.235021046,97000US0803450,803450,DOUGLAS,DOUGLAS COUNTY RE 1,Accredited,900,67,52983,58723,59932,61465,63114,64657,66230,66702,66896,67470,2813,7389,527,7916,1.02,4.4,308270,12110,3000,103116,32259,16110,20566,68935,0.257,0.118668861,0.052942048,0.102993923,0.0435,26002,11783,18585,6257,4327,1981,3765490656,297354.2448
74,923,8,3480,803480,Durango School District 9-R,0,PK,12,G5420, ,E,2794642490,10676739,37.2673798,-107.978434,3.006938923,0.284990637,97000US0803480,803480,DURANGO,DURANGO 9-R,Accredited,1520,66,4820,4839,4697,4675,4537,4575,4659,4564,4697,5053,478,7522,1645,9167,N/A,10.4,37862,4236,656,59632,2562,1257,1676,5495,0.2925,0.331971399,0.047892341,0.096774194,0.1194,1600,458,1075,962,799,601,4437893962,369514.4046
75,924,8,3510,803510,Eads School District RE-1,0,PK,12,G5420, ,E,3206075002,44324358,38.4252084,-102.9451714,2.870816392,0.335347044,97000US0803510,803510,EADS,EADS RE-1,Distinction,1430,76,192,202,189,187,185,180,181,175,171,192,12,12474,0,12474,N/A,6.7,1110,149,22,40341,70,29,64,163,0.1354,0.380681818,0,0.09375,0.135,96,46,50,-26,-17,14,5304800721,340938.0308
76,925,8,3540,803540,Eagle County School District RE 50,0,PK,12,G5420, ,E,5135395154,23397782,39.7172809,-106.8127214,4.428385616,0.541806897,97000US0803540,803540,EAGLE,EAGLE COUNTY RE 50,Accredited,910,61,5679,6007,6244,6181,6344,6408,6520,6713,6804,6901,493,7938,1222,9160,1.01,7.7,44153,4435,817,71483,4059,1406,1997,7462,0.5548,0.41083283,0.317635125,0.108245182,0.1095,2988,1509,1872,1071,-103,125,8728082049,553562.2702
77,926,8,3600,803600,Eaton School District RE-2,0,PK,12,G5420, ,E,592207982,4057713,40.5631659,-104.593698,1.943260673,0.063417619,97000US0803600,803600,EATON,EATON RE-2,Accredited,3085,68,1748,1696,1705,1749,1768,1804,1837,1904,1918,1878,74,7366,631,7997,N/A,4.1,9172,466,146,72860,894,557,693,2143,0.2737,0.327476038,0.062832801,0.076677316,0.0681,380,468,546,514,89,147,1034693782,246261.0147
78,927,8,3630,803630,Edison School District 54-JT,0,KG,12,G5420, ,E,875892907,744248,38.6010817,-104.0877657,1.506284933,0.090648511,97000US0803630,803630,EDISON,EDISON 54 JT,Distinction,1120,79,165,199,305,214,190,185,191,217,216,231,46,12736,0,12736,N/A,24.9,299,37,15,36750,18,18,20,56,0.1039,0.40990991,0,0.077922078,0.2679,52,31,42,-34,-13,-22,1437267738,183828.4865
79,928,8,3690,803690,Elbert School District 200,0,PK,12,G5420, ,E,358218384,0,39.2005793,-104.5134453,1.063484562,0.037353355,97000US0803690,803690,ELBERT,ELBERT 200,Accredited,950,64,252,274,239,230,199,209,198,221,213,213,4,12383,0,12383,N/A,1.9,1342,99,13,80074,86,49,136,272,0.1033,0.29,0,0.117370892,0.0478,84,0,66,2,49,70,597317672.4,130590.8071
80,929,8,3720,803720,Elizabeth School District C-1,0,PK,12,G5420, ,E,417060171,0,39.4099523,-104.572923,1.141981955,0.043617422,97000US0803720,803720,ELIZABETH,ELIZABETH C-1,Accredited,920,64,2963,2817,2737,2636,2656,2703,2621,2545,2481,2535,-168,7549,0,7549,N/A,-6.2,14860,1095,474,89769,1332,766,986,3085,0.1393,0.17840767,0.012623274,0.106114398,0.1536,723,592,693,609,174,293,699578559.6,148549.5647
81,930,8,3750,803750,Ellicott School District 22,0,PK,12,G5420, ,E,610840390,61967,38.792768,-104.4305434,1.428245123,0.063351971,97000US0803750,803750,ELLICOTT,ELLICOTT 22,Accredited,1050,64,959,869,896,1003,1003,1027,955,1072,1050,1043,16,8137,0,8137,N/A,1.6,4266,450,91,54295,453,159,179,791,0.4084,0.673981191,0.138063279,0.137104506,0.115,564,235,244,-111,-76,-65,1007466772,175446.5381
82,931,8,3780,803780,Englewood School District 1,0,PK,12,G5420, ,E,13581902,96638,39.6484452,-104.9918014,0.231437362,0.001435389,97000US0803780,803780,ENGLEWOOD,ENGLEWOOD 1,Priority Improvement,120,37,3427,3298,3124,2992,2954,2981,2835,2866,2854,2775,-206,7960,1480,9440,N/A,-6.9,25793,4336,577,46803,1546,607,640,2794,0.5023,0.676977291,0.125045045,0.133333333,0.2065,427,138,0,1119,469,640,23101368.73,29831.77563
83,932,8,3810,803810,Park School District R-3,0,PK,12,G5420, ,E,1265006559,6510560,40.3847437,-105.5863764,2.070342405,0.134828598,97000US0803810,803810,ESTES PARK,ESTES PARK R-3,Accredited,1570,57,1206,1186,1210,1159,1175,1139,1096,1127,1143,1153,14,8056,1792,9849,N/A,1.2,11404,1326,254,54511,462,208,231,902,0.2992,0.404847397,0.151777971,0.08065915,0.2816,0,274,325,462,-66,-94,2193047652,255071.4408
84,933,8,3840,803840,Park County School District RE-2,0,PK,12,G5420, ,E,4867128577,42398075,39.0512377,-105.7337002,3.602758087,0.510954892,97000US0803840,803840,PARK,PARK COUNTY RE-2,Accredited,2610,61,630,598,605,601,571,581,590,651,617,684,103,8536,1141,9677,0.27,17.7,6613,774,104,50190,336,232,250,818,0.193,0.494233937,0.014619883,0.084795322,0.1271,410,120,127,-74,112,123,8154662057,450799.1205
85,934,8,3870,803870,Falcon School District 49,0,PK,12,G5420, ,E,343723272,96918,38.9505645,-104.606425,1.199084137,0.035727123,97000US0803870,803870,FALCON,FALCON 49,Improvement,1110,48,12783,13616,14398,14708,15063,15478,18880,19552,20561,20834,5356,7286,333,7620,1.00,34.6,80949,5117,1172,77355,8328,4288,5625,18241,0.4201,0.311241161,0.0500144,0.103388692,0.0643,5429,3803,4029,2899,485,1596,569290662.3,151425.7542
86,935,8,3930,803930,Frenchman School District RE-3,0,PK,12,G5420, ,E,852004986,0,40.632474,-102.864039,1.755466432,0.090689709,97000US0803930,803930,FRENCHMAN,FRENCHMAN RE-3,Distinction,1850,76,204,199,188,200,185,202,203,198,205,203,1,12455,101,12557,N/A,0.5,1208,186,40,49514,96,67,58,221,0.1133,0.41011236,0.004926108,0.142857143,0.181,108,44,51,-12,23,7,1480868932,223038.9575
87,936,8,3960,803960,Florence School District RE-2,0,KG,12,G5420, ,E,958098798,1999264,38.3833453,-105.0240817,2.004089377,0.098999545,97000US0803960,803960,FLORENCE,FREMONT RE-2,Improvement,1150,54,1701,1631,1623,1600,1580,1536,1450,1373,1306,1318,-218,7605,258,7863,N/A,-14.2,10534,1690,486,42392,811,547,673,2031,0.217,0.568285281,0.012898331,0.161608498,0.2393,677,0,0,134,547,673,1565184175,257280.754
88,937,8,3990,803990,Poudre School District R-1,0,PK,12,G5420, ,E,4758560582,61154182,40.775796,-105.4880641,3.675960501,0.514098111,97000US0803990,803990,POUDRE,POUDRE R-1,Accredited,1550,67,25610,25960,26520,26923,27510,27909,28439,29053,29527,29682,1773,7269,1235,8504,0.44,6.4,187795,31917,3464,58489,12728,6601,8724,28053,0.2623,0.290129023,0.067313523,0.082541608,0.1235,13693,6219,8142,-965,382,582,8412497804,451037.8136
89,938,8,4020,804020,Weld County School District RE-8,0,PK,12,G5420, ,E,266077720,1786386,40.0881719,-104.834486,0.871989828,0.028284361,97000US0804020,804020,FT. LUPTON,WELD COUNTY S/D RE-8,Improvement,3140,50,2433,2428,2423,2403,2470,2411,2415,2333,2354,2388,-23,7831,1184,9015,N/A,-1,12486,1308,358,52412,1346,651,716,2713,0.7538,0.602535084,0.284757119,0.090033501,0.132,683,59,0,663,592,716,458099953.9,109456.0591
90,939,8,4050,804050,Fort Morgan School District RE-3,0,PK,12,G5420, ,E,1303049549,5092908,40.2503452,-103.8250332,1.9422523,0.138472786,97000US0804050,804050,FT. MORGAN,FORT MORGAN RE-3,Improvement,2405,51,3117,3223,3232,3204,3194,3153,3205,3200,3142,3213,60,7706,177,7883,N/A,1.9,16815,2008,532,49281,1740,832,987,3559,0.6841,0.692918597,0.289449113,0.103330221,0.1495,631,643,0,1109,189,987,2248404899,253058.872
91,940,8,4080,804080,Fountain School District 8,0,PK,12,G5420, ,E,381001114,463104,38.6874718,-104.7487761,1.104268595,0.039485142,97000US0804080,804080,FOUNTAIN,FOUNTAIN 8,Accredited,1000,58,6584,6835,7365,7536,7702,7840,8089,8120,8055,8185,345,7272,89,7361,N/A,4.4,31529,3573,1267,53655,4180,1644,1887,7711,0.528,0.510733453,0.050946854,0.165058033,0.1643,3571,0,1865,609,1644,22,626692782.1,133129.6432
92,941,8,4110,804110,Fowler School District R-4J,0,KG,12,G5420, ,E,1671460176,4030247,38.0666462,-104.0951701,2.5360244,0.172005391,97000US0804110,804110,FOWLER,FOWLER R-4J,Accredited,2540,66,388,408,402,421,407,409,409,402,387,396,-13,9121,0,9121,N/A,-3.2,1959,423,86,40071,125,100,105,331,0.2576,0.54040404,0.015151515,0.101010101,0.2598,175,29,127,-50,71,-22,2707217338,329335.1535
93,942,8,4140,804140,Sierra Grande School District R-30,0,PK,12,G5420, ,E,1450865638,3766243,37.4352806,-105.4073605,1.869628585,0.148095157,97000US0804140,804140,SIERRA GRANDE,SIERRA GRANDE R-30,Accredited,740,57,250,240,252,260,268,270,256,254,290,267,-3,10581,0,10581,N/A,-1.1,1977,498,131,31797,188,35,97,320,0.794,0.897338403,0.123595506,0.063670412,0.4094,0,74,66,188,-39,31,2311284178,225928.5306
94,943,8,4200,804200,Weld County School District RE-1,0,PK,12,G5420, ,E,455034273,12150145,40.2538894,-104.744333,1.173409275,0.049452645,97000US0804200,804200,GILCREST,WELD COUNTY RE-1,Accredited,3080,59,1804,1769,1784,1986,1895,1933,1922,1990,1985,2004,71,7547,2095,9642,N/A,3.7,9682,1590,466,53478,862,422,559,1843,0.5783,0.544970729,0.187125749,0.093812375,0.2528,572,458,567,290,-36,-8,802952559.1,147323.2463
95,944,8,4230,804230,Gilpin County School District RE-1,0,PK,12,G5420, ,E,209543507,241299,39.8243718,-105.5158684,0.863376944,0.022068925,97000US0804230,804230,GILPIN,GILPIN COUNTY RE-1,Distinction,1330,79,367,357,361,386,380,373,421,429,458,435,62,9121,1183,10304,N/A,16.6,2927,194,0,61656,184,136,117,438,0.2069,0.271144279,0.004597701,0.126436782,0,229,92,114,-45,44,3,356077658.2,105192.9772
96,945,8,4260,804260,Roaring Fork School District RE-1,0,PK,12,G5420, ,E,2902598896,11207733,39.3955458,-107.1093383,4.141423045,0.304649196,97000US0804260,804260,ROARING FORK,ROARING FORK RE-1,Accredited,1180,58,5149,5311,5344,5212,5382,5436,5628,5613,5601,5589,153,7907,1604,9511,-,2.8,37562,3792,563,64214,2586,1472,1526,5583,0.581,0.424029575,0.338164251,0.088566828,0.1008,639,1413,1266,1947,59,260,4884918376,516455.2591
97,946,8,4290,804290,Granada School District RE-1,0,PK,12,G5420, ,E,1185910692,3717430,37.9691092,-102.328718,2.05361852,0.121954902,97000US0804290,804290,GRANADA,GRANADA RE-1,Accredited,2650,69,261,251,243,244,247,218,202,202,214,217,-1,12073,0,12073,N/A,-0.5,892,273,55,30521,76,56,84,215,0.765,0.649746193,0.138248848,0.041474654,0.2558,116,42,59,-40,14,25,1916728027,267043.3839
98,947,8,4320,804320,East Grand School District 2,0,PK,12,G5420, ,E,2179695296,39801741,40.1161126,-105.8713586,2.613021334,0.234515478,97000US0804320,804320,EAST GRAND,EAST GRAND 2,Distinction,1350,75,1415,1464,1438,1325,1273,1245,1264,1299,1304,1243,-2,7676,1725,9401,N/A,-0.2,11330,1078,166,66335,654,419,408,1481,0.1874,0.326599327,0.074014481,0.095736122,0.1121,590,293,360,64,126,48,3800814314,336789.7788
99,948,8,4350,804350,Mesa County Valley School District 51,0,PK,12,G5420, ,E,5648037623,20394694,38.9605378,-108.6804431,3.542224365,0.589077929,97000US0804350,804350,MESA VALLEY,MESA COUNTY VALLEY 51,Improvement,2000,52,21308,22159,22030,22091,21917,21730,21894,21742,21904,22105,375,7271,398,7670,0.00,1.7,141348,22019,4278,49184,10944,5496,7241,23681,0.2971,0.511112151,0.037050441,0.128884868,0.1807,5412,1731,4073,5532,3765,3168,9387778989,449000.6202
100,949,8,4380,804380,Garfield County School District 16,0,PK,12,G5420, ,E,793381480,3314986,39.5331216,-108.0541622,1.260819611,0.083467296,97000US0804380,804380,PARACHUTE,GARFIELD 16,Improvement,1220,52,1307,1419,1229,1133,1176,1126,1050,1038,1128,1180,54,8167,903,9070,N/A,4.8,6522,739,249,63598,601,301,620,1522,0.4042,0.554945055,0.180508475,0.081355932,0.1636,0,260,0,601,41,620,1341155757,162051.5854
101,950,8,4410,804410,Greeley School District 6,0,PK,12,G5420, ,E,191798827,1521951,40.4072405,-104.7009274,0.880544546,0.02050977,97000US0804410,804410,GREELEY,GREELEY 6,Improvement,3120,51,18401,18870,19117,19623,19840,19821,20450,21183,21505,21950,2129,7534,0,7534,N/A,10.7,115706,22506,5007,47615,11654,5048,6325,23026,0.665,0.653751481,0.246879271,0.098997722,0.2174,4557,3204,1406,7097,1844,4919,333777863,110028.0281
102,951,8,4440,804440,Pawnee School District RE-12,0,KG,12,G5420, ,E,1615577671,643075,40.8698064,-104.2221409,2.008673038,0.172645821,97000US0804440,804440,PAWNEE,PAWNEE RE-12,Distinction,3148,81,123,106,92,75,91,88,88,81,87,77,-11,15459,1613,17072,N/A,-12.5,475,100,22,41188,29,19,13,61,0.1169,0.418918919,0,0.090909091,0.3607,41,0,28,-12,19,-15,2829258288,246520.127
103,952,8,4470,804470,Gunnison Watershed School District RE-1J,0,PK,12,G5420, ,E,9538973406,50648636,38.5533623,-106.9382931,5.839648494,0.991051708,97000US0804470,804470,GUNNISON,GUNNISON WATERSHED RE1J,Accredited,1360,67,1759,1839,1818,1864,1846,1846,1934,1929,1987,2053,207,7577,664,8241,0.64,11.2,14778,2498,409,47968,1057,486,611,2154,0.1914,0.262278481,0.07793473,0.076960546,0.1899,886,195,581,171,291,30,15704972443,730742.0747
104,953,8,4500,804500,Hanover School District 28,0,PK,12,G5420, ,E,687733323,173806,38.5997503,-104.4896252,1.374125618,0.071137147,97000US0804500,804500,HANOVER,HANOVER 28,Improvement,1070,54,301,263,266,223,208,227,251,260,259,270,43,11443,0,11443,N/A,18.9,2160,282,56,56719,162,79,118,360,0.3519,0.742971888,0.118518519,0.144444444,0.1556,0,65,70,162,14,48,1127977482,164643.298
105,954,8,4530,804530,Harrison School District 2,0,PK,12,G5420, ,E,48789737,122940,38.7908028,-104.7701773,0.380605179,0.005071515,97000US0804530,804530,HARRISON,HARRISON 2,Accredited,980,62,11167,10921,11309,11147,11108,10775,11179,11441,11777,11746,971,7793,502,8296,0.00,9,71996,16452,4153,40581,6664,2585,3508,12756,0.749,0.760684488,0.199982973,0.097820535,0.3256,5639,2323,1799,1025,262,1709,80631970.37,47907.31035
106,955,8,4560,804560,Haxtun School District RE-2J,0,PK,12,G5420, ,E,967326302,20904,40.5876617,-102.59793,2.492300994,0.102908378,97000US0804560,804560,HAXTUN,HAXTUN RE-2J,Accredited,2630,60,313,291,317,323,323,331,326,330,336,329,-2,9412,0,9412,N/A,-0.6,1487,131,16,43092,117,65,69,251,0.1094,0.355172414,0.018237082,0.185410334,0.0637,180,0,75,-63,65,-6,1679398653,316933.6998
107,956,8,4590,804590,Hayden School District RE-1,0,PK,12,G5420, ,E,1794390457,1900319,40.5069191,-107.2392298,2.381337017,0.190867938,97000US0804590,804590,HAYDEN,HAYDEN RE-1,Accredited,2760,61,459,465,438,420,389,406,415,414,403,416,10,9627,2254,11880,N/A,2.5,2626,266,59,57383,177,122,250,548,0.1394,0.439473684,0.048076923,0.129807692,0.1077,0,98,116,177,24,134,3111168046,311337.7845
108,957,8,4620,804620,Hinsdale County School District RE-1,0,PK,12,G5420, ,E,2125048301,11982026,37.9118541,-107.2564655,2.692110409,0.218985774,97000US0804620,804620,HINSDALE,HINSDALE COUNTY RE 1,Distinction,1380,82,96,103,93,96,91,81,80,96,109,111,30,15548,0,15548,N/A,37,813,70,5,57262,21,14,45,79,0.1622,0.385416667,0.009009009,0.108108108,0.0633,52,20,39,-31,-6,6,3440161853,337534.2375
109,958,8,4650,804650,Hoehne Reorganized School District 3,0,PK,12,G5420, ,E,3041211858,437022,37.3757802,-104.1619008,3.346039727,0.309437162,97000US0804650,804650,HOEHNE,HOEHNE REORGANIZED 3,Accredited,1600,65,337,335,329,334,351,385,359,363,359,354,-31,9357,0,9357,N/A,-8.1,1820,138,27,55721,98,58,115,272,0.5367,0.384180791,0.011299435,0.096045198,0.0993,0,87,110,98,-29,5,4825646655,415575.1634
110,959,8,4680,804680,Holly School District RE-3,0,PK,12,G5420, ,E,1135130694,3759815,37.9612677,-102.1449177,1.835529333,0.1167721,97000US0804680,804680,HOLLY,HOLLY RE-3,Accredited,2670,63,304,299,291,292,294,292,299,302,293,308,16,9783,0,9783,N/A,5.5,1292,274,58,40726,120,47,73,240,0.5584,0.701754386,0.198051948,0.090909091,0.2417,0,0,92,120,47,-19,1835567999,241588.1203
111,960,8,4710,804710,Holyoke School District RE-1J,0,KG,12,G5420, ,E,1364165757,309293,40.5637547,-102.2539564,2.382610455,0.145089173,97000US0804710,804710,HOLYOKE,HOLYOKE RE-1J,Accredited,2620,59,588,608,631,614,633,630,568,593,594,581,-49,8069,569,8638,N/A,-7.8,2976,534,93,44154,228,157,148,533,0.4716,0.425129088,0.246127367,0.101549053,0.1745,265,51,166,-37,106,-18,2366643911,302642.1815
112,961,8,4740,804740,Genoa-Hugo School District C-113,0,PK,12,G5420, ,E,2197780893,8851202,39.1207811,-103.4286835,2.870187893,0.229836197,97000US0804740,804740,GENOA-HUGO,GENOA-HUGO C113,Accredited,1780,70,208,182,190,178,185,176,178,171,180,187,11,12853,0,12853,N/A,6.3,1177,179,25,39769,120,79,48,247,0.0856,0.317073171,0,0.181818182,0.1012,105,41,41,15,38,7,3671088151,371318.5388
113,962,8,4770,804770,Ignacio School District 11-JT,0,KG,12,G5420, ,E,715018252,10500465,37.0924549,-107.5678312,1.541278392,0.073529032,97000US0804770,804770,IGNACIO,IGNACIO 11 JT,Priority Improvement,1540,39,811,813,797,751,759,718,763,791,857,869,151,8671,1336,10007,N/A,21,6105,666,144,52911,472,230,319,1021,0.6743,0.576524741,0.070195627,0.13693901,0.141,0,0,0,472,230,319,1142232017,187599.4488
114,963,8,4800,804800,Jefferson County School District R-1,0,PK,12,G5420, ,E,1989125359,26094913,39.5795106,-105.2454623,2.703189482,0.211289692,97000US0804800,804800,JEFFERSON,JEFFERSON COUNTY R-1,Accredited,1420,67,86182,85887,86250,85938,85751,85508,85983,86547,86708,86347,839,7472,1399,8871,0.91,1,546585,46598,9858,70196,39440,20476,28049,87966,0.3326,0.326472633,0.078775175,0.093599083,0.1121,33626,14591,23505,5814,5885,4544,3397602588,353507.2665
115,964,8,4830,804830,Johnstown-Milliken School District RE-5J,0,PK,12,G5420, ,E,210109904,2063248,40.3297397,-104.9031168,0.843731058,0.022484011,97000US0804830,804830,JOHNSTOWN,JOHNSTOWN-MILLIKEN RE-5J,Accredited,3110,59,2900,3055,3136,3138,3271,3363,3548,3732,3787,3830,467,7272,135,7407,0.00,13.9,19325,429,84,75589,1993,1246,1117,4357,0.3274,0.285366513,0.064751958,0.097389034,0.0193,894,843,979,1099,403,138,365480057.2,105132.0525
116,965,8,4860,804860,Julesburg School District RE-1,0,PK,12,G5420, ,E,636911327,36263,40.8732359,-102.1957082,1.74095662,0.068038934,97000US0804860,804860,JULESBURG,JULESBURG RE-1,Improvement,2862,46,284,811,1237,1787,888,1154,955,794,659,633,-521,7749,0,7749,N/A,-45.1,1566,179,43,47222,100,63,81,244,0.3555,0.55008489,0.022116904,0.120063191,0.1762,0,0,69,100,63,12,1114996020,218495.6575
117,966,8,4890,804890,Karval School District RE-23,0,PK,12,G5420, ,E,2002031433,5928202,38.7165156,-103.5075664,2.204094403,0.207972536,97000US0804890,804890,KARVAL,KARVAL RE-23,Priority Improvement,1810,43,222,257,273,235,194,122,100,45,43,47,-75,15600,0,15600,N/A,-61.5,286,53,5,41250,18,2,10,29,0,0.585365854,0,0.170212766,0.1724,30,0,9,-12,2,1,3303049760,272588.5745
118,967,8,4920,804920,Keenesburg School District RE-3J,0,PK,12,G5420, ,E,1238746907,5900555,40.0968494,-104.4477554,1.989071919,0.131455176,97000US0804920,804920,KEENESBURG,WELD COUNTY SCHOOL DISTRICT RE-3J,Improvement,3090,53,2105,2157,2149,2276,2276,2313,2306,2386,2341,2352,39,7349,546,7895,0.93,1.7,12245,1799,515,59253,1042,611,826,2478,0.4588,0.431258397,0.169217687,0.078231293,0.2078,427,52,0,615,559,826,2129661919,245287.5463
119,968,8,4950,804950,Platte Valley School District RE-7,0,PK,12,G5420, ,E,736244692,5234225,40.3692176,-104.4609799,1.328748624,0.078626622,97000US0804950,804950,PLATTE VALLEY,PLATTE VALLEY RE-7,Accredited,3130,70,1126,1137,1122,1057,1086,1047,1094,1129,1110,1108,61,7697,1760,9457,N/A,5.8,5012,470,119,70997,455,224,388,1066,0.3664,0.375451264,0.10198556,0.08032491,0.1116,477,256,375,-22,-32,13,1278863432,169903.9332
120,969,8,4980,804980,Kim Reorganized School District 88,0,PK,12,G5420, ,E,3640066724,29631,37.3787624,-103.3875742,2.948395998,0.370133224,97000US0804980,804980,KIM,KIM REORGANIZED 88,Distinction,1760,81,63,63,61,58,57,51,46,48,49,54,3,14508,3868,18376,N/A,5.9,331,7,0,47500,25,13,25,64,0.0926,0.541666667,0,0,0,23,15,0,2,-2,25,5769092821,367848.5036
121,970,8,5010,805010,Kiowa School District C-2,0,PK,12,G5420, ,E,868418710,81700,39.3696118,-104.3429014,2.0036969,0.090784278,97000US0805010,805010,KIOWA,KIOWA C-2,Accredited,930,58,368,376,383,371,393,383,344,287,286,277,-106,11253,0,11253,N/A,-27.7,2612,170,44,83993,208,80,185,472,0.1733,0.392996109,0.025270758,0.126353791,0.0932,120,0,90,88,80,95,1455335548,253584.7145
122,971,8,5040,805040,Kit Carson School District R-1,0,KG,12,G5420, ,E,2269125887,7879175,38.8380923,-102.8880029,2.117490648,0.236215341,97000US0805040,805040,KIT CARSON,KIT CARSON R-1,Distinction,510,81,101,103,96,109,120,110,114,108,128,126,16,13857,2863,16721,N/A,14.5,498,35,0,65179,44,26,33,103,0.2222,0.526315789,0.015873016,0.047619048,0,0,0,38,44,26,-5,3757598411,262543.0374
123,972,8,5070,805070,West Grand School District 1-JT,0,KG,12,G5420, ,E,3025537365,30116361,40.0455381,-106.3470168,3.360490662,0.322508244,97000US0805070,805070,WEST GRAND,WEST GRAND 1-JT,Improvement,1340,55,480,457,451,429,423,434,440,422,441,423,-11,9312,1285,10597,N/A,-2.5,3432,530,121,55682,165,185,186,535,0.305,0.494089835,0.101654846,0.104018913,0.2262,0,0,141,165,185,45,5221042522,436798.4598
124,973,8,5100,805100,North Conejos School District RE-1J,0,KG,12,G5420, ,E,1663670394,6888550,37.2696102,-106.2623176,2.802112521,0.169719375,97000US0805100,805100,NORTH CONEJOS,NORTH CONEJOS RE-1J,Distinction,550,69,1130,1075,1051,1030,992,1033,1005,964,977,963,-70,7591,184,7775,N/A,-6.8,4657,877,248,37337,503,230,355,1087,0.5691,0.572170301,0.001038422,0.070612669,0.2282,202,216,292,301,14,63,2643074239,333397.7958
125,974,8,5130,805130,East Otero School District R-1,0,PK,12,G5420, ,E,1881034603,3375724,37.7150414,-103.7224451,2.279156326,0.192784512,97000US0805130,805130,EAST OTERO,EAST OTERO R-1,Priority Improvement,2520,44,1382,1354,1318,1309,1293,1307,1309,1309,1290,1355,48,8003,0,8003,N/A,3.7,8086,2418,642,30862,725,259,519,1503,0.7004,0.755719557,0.025830258,0.157933579,0.4271,0,0,0,725,259,519,3023639671,282483.3448
126,975,8,5160,805160,La Veta School District RE-2,0,PK,12,G5420, ,E,579457297,596465,37.4723858,-105.0459253,1.438971351,0.059076098,97000US0805160,805160,LA VETA,LA VETA RE-2,Accredited,1400,60,289,257,254,223,225,226,191,215,219,220,-6,11541,0,11541,N/A,-2.7,1218,216,34,40476,54,23,26,102,0.2682,0.593457944,0,0.127272727,0.3333,96,0,64,-42,23,-38,922344119.9,177803.8088
127,976,8,5190,805190,Lake County School District R-1,0,PK,12,G5420, ,E,976206802,18111565,39.2053405,-106.350079,1.727453251,0.103687163,97000US0805190,805190,LAKE,LAKE COUNTY R-1,Accredited,1510,61,1218,1256,1208,1188,1224,1167,1110,1093,1074,1033,-134,7996,686,8682,N/A,-11.5,7218,833,169,45367,564,194,362,1119,0.728,0.672395274,0.359148112,0.119070668,0.151,229,205,292,335,-11,70,1658108651,213386.2883
128,977,8,5220,805220,Lamar School District RE-2,0,PK,12,G5420, ,E,1775343486,7471194,37.9306432,-102.567857,2.13794408,0.182691949,97000US0805220,805220,LAMAR,LAMAR RE-2,Improvement,2660,54,1676,1686,1718,1666,1667,1672,1664,1606,1578,1577,-95,7672,0,7672,N/A,-5.7,8941,1653,418,40309,689,508,590,1787,0.5821,0.664591978,0.079264426,0.113506658,0.2339,113,13,421,576,495,169,2870132957,277185.9375
129,978,8,5250,805250,Las Animas School District RE-1,0,PK,12,G5420, ,E,2171698985,51424936,37.8517653,-103.2817414,2.351030868,0.227858301,97000US0805250,805250,LAS ANIMAS,LAS ANIMAS RE-1,Improvement,290,49,544,594,592,547,539,523,492,501,533,1175,652,8014,0,8014,N/A,124.7,2685,669,204,34800,212,112,138,462,0.5413,0.824760244,0.004255319,0.077446809,0.4416,238,127,0,-26,-15,138,3580461745,298748.3741
130,979,8,5280,805280,Limon School District RE-4J,0,PK,12,G5420, ,E,1050789052,2237400,39.3077142,-103.6952985,1.769763909,0.109958736,97000US0805280,805280,LIMON,LIMON RE-4J,Distinction,1790,76,507,494,448,435,451,447,473,476,491,479,32,8417,0,8417,N/A,7.2,1915,301,100,38393,221,74,153,447,0.2129,0.444676409,0.052192067,0.160751566,0.2237,231,117,131,-10,-43,22,1760883597,233241.8852
131,980,8,5310,805310,Littleton School District 6,0,PK,12,G5420, ,E,70212246,3112552,39.5955539,-104.9895201,0.445105566,0.007688592,97000US0805310,805310,LITTLETON,LITTLETON 6,Distinction,140,74,15937,15869,15753,15733,15571,15754,15830,15691,15780,15517,-237,7366,1960,9326,0.43,-1.5,96310,7067,1333,72226,6406,3686,5011,15103,0.2661,0.186620903,0.043242895,0.095250371,0.0883,6599,3375,5134,-193,311,-123,123644796.3,54978.89689
132,981,8,5340,805340,Lone Star School District 101,0,KG,12,G5420, ,E,495732035,0,40.3501534,-102.9281146,1.376786289,0.052549434,97000US0805340,805340,LONE STAR,LONE STAR 101,Insufficient State Data: Low Participation,3060,0,93,100,118,104,112,116,121,106,103,115,-1,14317,0,14317,N/A,-0.9,200,5,0,48438,12,9,10,31,0.1739,0.486956522,0.069565217,0.147826087,0,0,0,0,12,9,10,854472564.9,172809.6721
133,982,8,5370,805370,St. Vrain Valley School District RE 1J,0,PK,12,G5420, ,E,1017961067,21707441,40.1711571,-105.1758811,2.62859994,0.109921019,97000US0805370,805370,ST VRAIN,ST VRAIN VALLEY RE 1J,Accredited,470,65,24582,25751,26724,27379,28109,29382,30195,31076,31776,32171,2789,7485,1042,8527,0.89,9.5,161265,16614,4149,73823,15105,6877,9000,30983,0.3643,0.313741426,0.142706164,0.110130242,0.1339,13342,5165,7366,1763,1712,1634,1782632266,322701.2889
134,983,8,5400,805400,Thompson School District R-2J,0,PK,12,G5420, ,E,896568719,33600380,40.4028118,-105.1823528,1.753955233,0.098691197,97000US0805400,805400,THOMPSON,THOMPSON R2-J,Accredited,1560,58,15305,15332,15225,15310,15655,16042,16210,16133,16043,16280,238,7271,922,8193,0.43,1.5,111390,9155,2012,61785,8734,4799,5835,19367,0.2623,0.392284186,0.036916462,0.122297297,0.1039,5945,1371,4833,2789,3428,1002,1606227598,221972.3778
135,984,8,5460,805460,Mancos School District RE-6,0,PK,12,G5420, ,E,919847910,1970733,37.3574741,-108.2925447,1.84357585,0.093756594,97000US0805460,805460,MANCOS,MANCOS RE-6,Improvement,2070,61,404,368,373,369,374,396,416,455,496,501,105,8520,722,9242,N/A,26.5,3574,531,143,47813,273,152,124,548,0.2814,0.558951965,0.079840319,0.133732535,0.2609,0,0,121,273,152,3,1461751728,226887.6386
136,985,8,5490,805490,Manitou Springs School District 14,0,PK,12,G5420, ,E,234029504,2240646,38.9008026,-104.9787095,0.776644415,0.024533589,97000US0805490,805490,MANITOU SPRINGS,MANITOU SPRINGS 14,Accredited,1030,63,1378,1376,1405,1418,1510,1500,1480,1458,1492,1488,-12,7754,1351,9106,N/A,-0.8,8265,1089,235,59638,410,214,309,933,0.1599,0.24757953,0.008736559,0.065188172,0.2519,0,351,507,410,-137,-198,390660931,99528.29434
137,986,8,5520,805520,Manzanola School District 3J,0,KG,12,G5420, ,E,243940419,2160981,38.0398888,-103.8874534,0.843831039,0.025258477,97000US0805520,805520,MANZANOLA,MANZANOLA 3J,Accredited,2535,71,219,169,177,173,163,131,137,147,133,129,-2,14371,0,14371,N/A,-1.5,869,247,60,33750,52,32,68,152,0.6202,0.700787402,0.19379845,0.062015504,0.3947,56,26,47,-4,6,21,397447492.1,110122.4076
138,987,8,5550,805550,Mapleton School District 1,0,PK,12,G5420, ,E,31393976,930453,39.8331301,-104.9669841,0.396204829,0.003401005,97000US0805550,805550,MAPLETON,MAPLETON 1,Improvement,10,49,5493,5794,5775,7634,7760,8051,8408,8670,8738,8822,771,7612,577,8189,N/A,9.6,31727,3467,854,53110,2561,1468,1973,6002,0.7028,0.585918854,0.298458399,0.125821809,0.1423,1943,415,907,618,1053,1066,54883356.57,51358.68336
139,988,8,5580,805580,McClave School District RE-2,0,PK,12,G5420, ,E,1648739428,21344858,37.9833553,-102.9035942,2.275068827,0.171209388,97000US0805580,805580,MCCLAVE,MC CLAVE RE-2,Distinction,310,78,266,280,259,305,293,272,266,279,262,272,0,10616,514,11130,N/A,0,794,245,70,44896,79,67,93,240,0.0221,0.41322314,0.106617647,0.058823529,0.2917,140,49,83,-61,18,10,2690844167,291652.4209
140,989,8,5610,805610,Meeker School District RE1,0,PK,12,G5420, ,E,4999859368,4511753,39.9487163,-107.8686826,3.903539705,0.527779661,97000US0805610,805610,MEEKER,MEEKER RE1,Distinction,2710,76,690,725,707,667,715,699,710,697,707,745,46,7936,585,8521,N/A,6.6,3622,661,139,53750,313,132,184,629,0.1691,0.34870317,0.073825503,0.119463087,0.221,392,146,207,-79,-14,-23,8537642985,470927.6398
141,990,8,5640,805640,Buffalo School District RE-4,0,KG,12,G5420, ,E,693869563,10107006,40.5239285,-103.3883571,1.722206461,0.074794954,97000US0805640,805640,BUFFALO,BUFFALO RE-4J,Accredited,1860,70,321,294,306,311,309,319,318,315,309,306,-13,10123,0,10123,N/A,-4.1,861,89,18,49118,77,47,35,159,0.1405,0.349673203,0.003267974,0.114379085,0.1132,136,23,93,-59,24,-58,1219018520,220479.7394
142,991,8,5670,805670,Miami-Yoder School District 60-JT,0,PK,12,G5420, ,E,1078492193,1250223,38.8264312,-104.0720267,1.822060033,0.111992936,97000US0805670,805670,MIAMI-YODER,MIAMI/YODER 60 JT,Improvement,1130,48,338,335,329,320,316,268,307,278,291,300,32,10626,144,10769,N/A,11.9,1865,219,64,50602,116,97,136,349,0.29,0.512727273,0.023333333,0.153333333,0.1834,0,0,0,116,97,136,1781216344,224653.194
143,992,8,5700,805700,Moffat Consolidated School District 2,0,PK,12,G5420, ,E,1494706344,742371,37.9600195,-105.7544821,2.161438573,0.153297086,97000US0805700,805700,MOFFAT,MOFFAT 2,Accredited,2800,57,216,210,223,206,216,210,189,196,210,201,-9,7272,1052,8324,1.16,-4.3,1431,368,67,33516,102,34,26,162,0.2289,0.795811518,0.014925373,0.084577114,0.4136,0,24,45,102,10,-19,2409147639,265986.7884
144,993,8,5730,805730,Moffat County School District RE-1,0,PK,12,G5420, ,E,12284800386,19803413,40.6163576,-108.2110988,5.03264629,1.309500455,97000US0805730,805730,MOFFAT,MOFFAT COUNTY RE:NO 1,Accredited,2020,57,2414,2386,2536,2402,2299,2280,2241,2175,2200,2219,-61,7272,1052,8324,N/A,-2.7,12861,1462,266,51387,1101,620,779,2500,0.2821,0.428294574,0.102748986,0.121676431,0.1064,845,474,0,256,146,779,21378597682,615436.3636
145,994,8,5760,805760,Monte Vista School District C-8,0,PK,12,G5420, ,E,553452473,543954,37.4936342,-106.1893961,1.174678516,0.056443731,97000US0805760,805760,MONTE VISTA,MONTE VISTA C-8,Improvement,2740,47,1200,1166,1181,1172,1198,1139,1128,1130,1187,1173,34,7727,175,7902,N/A,3,6084,1121,306,43298,545,303,379,1227,0.7374,0.695340502,0.088661552,0.10400682,0.2494,0,225,272,545,78,107,881562850.3,145697.3859
146,995,8,5790,805790,Montrose County School District RE-1J,0,PK,12,G5420, ,E,3050809332,3760634,38.4514457,-107.9799119,3.536133543,0.31518442,97000US0805790,805790,MONTROSE,MONTROSE COUNTY RE-1J,Improvement,2180,54,6374,6512,6521,6415,6294,6183,6200,6087,6162,6252,69,7562,0,7562,N/A,1.1,38268,7321,1817,44201,3132,1472,2119,6722,0.425,0.468488099,0.152111324,0.119641715,0.2703,990,1252,1689,2142,220,430,4986501185,428289.1577
147,996,8,5820,805820,Lewis-Palmer School District 38,0,PK,12,G5420, ,E,332597397,597391,39.0861956,-104.8585366,1.153997015,0.034686709,97000US0805820,805820,LEWIS-PALMER,LEWIS-PALMER 38,Distinction,1080,81,5865,5817,5950,5977,6076,6153,6275,6207,6343,6577,424,7272,635,7906,0.00,6.9,29816,1543,354,108692,2911,1607,2103,6620,0.1832,0.087760911,0.033297856,0.088034058,0.0535,2756,1592,2229,155,15,-126,553744865.4,138276.0008
148,997,8,5850,805850,West End School District RE-2,0,PK,12,G5420, ,E,2378084726,504738,38.326008,-108.6757307,2.339660499,0.245068456,97000US0805850,805850,WEST END,WEST END RE-2,Improvement,2190,52,335,345,346,347,338,293,258,274,295,299,6,12345,885,13231,0.00,2,1712,289,61,38958,87,58,76,221,0.1204,0.632183908,0.006688963,0.110367893,0.276,0,69,72,87,-11,4,3871438100,281896.1619
149,998,8,5880,805880,Norwood School District R-2J,0,PK,12,G5420, ,E,1991941044,3857456,38.0093735,-108.427326,2.385273269,0.204822922,97000US0805880,805880,NORWOOD,NORWOOD R-2J,Accredited,2840,65,296,300,274,257,280,275,272,287,267,243,-32,11916,1519,13435,N/A,-11.6,1986,293,60,48421,91,51,96,238,0.1235,0.497757848,0.041152263,0.12345679,0.2521,0,50,82,91,1,14,3222724616,289764.2224
150,999,8,5910,805910,South Routt School District RE-3,0,PK,12,G5420, ,E,1512828921,4617266,40.1580319,-106.84578,2.320317603,0.160430589,97000US0805910,805910,SOUTH ROUTT,SOUTH ROUTT RE 3,Accredited,2780,71,431,442,435,409,390,419,407,391,348,353,-66,10511,2660,13171,N/A,-15.8,2915,568,101,55694,164,73,96,333,0.0793,0.400611621,0.025495751,0.133144476,0.3033,0,75,102,164,-2,-6,2601649184,298544.8713
151,1000,8,5940,805940,Otis School District R-3,0,PK,12,G5420, ,E,815305207,27995,40.0538218,-102.8921584,1.441579201,0.086132659,97000US0805940,805940,OTIS,OTIS R-3,Accredited,3050,64,202,192,201,209,191,200,205,226,239,242,42,11594,0,11594,N/A,21,852,71,10,44464,71,52,45,169,0.1074,0.495575221,0.008264463,0.161157025,0.0592,0,0,65,71,52,-20,1395699953,187775.0979
152,1001,8,5970,805970,Ouray School District R-1,0,PK,12,G5420, ,E,391256723,304613,38.0192623,-107.7436964,1.212722412,0.040181502,97000US0805970,805970,OURAY,OURAY R-1,Distinction,2580,83,272,252,230,216,194,184,197,191,188,189,5,14501,906,15408,N/A,2.7,1722,221,17,62500,78,28,60,166,0.1429,0.312138728,0.047619048,0.08994709,0.1024,89,40,60,-11,-12,0,632096404.6,151701.4708
153,1002,8,6000,806000,Platte Valley School District RE-3,0,KG,12,G5420, ,E,740002410,3494483,40.8847454,-102.490377,1.427614744,0.079438511,97000US0806000,806000,PLATTE VALLEY - REVERE,REVERE SCHOOL DISTRICT,Accredited,2865,71,106,108,115,120,121,114,109,106,132,119,5,13809,581,14390,N/A,4.4,750,156,26,35278,27,29,41,97,0.1176,0.630252101,0,0.201680672,0.268,0,0,34,27,29,7,1302105086,179880.9901
154,1003,8,6030,806030,Plateau School District RE-5,0,PK,12,G5420, ,E,985629763,166575,40.8754515,-103.2920182,1.906632228,0.105379582,97000US0806030,806030,PLATEAU,PLATEAU RE-5,Distinction,1870,84,158,164,163,176,182,197,196,177,172,160,-37,13073,2993,16066,N/A,-18.8,597,36,10,55938,33,28,33,95,0.05,0.34965035,0.00625,0.2125,0.1053,0,19,57,33,9,-24,1728194950,226947.5221
155,1004,8,6060,806060,Peyton School District 23-JT,0,PK,12,G5420, ,E,322902075,193370,39.0590669,-104.4869427,1.043076589,0.033617985,97000US0806060,806060,PEYTON,PEYTON 23 JT,Improvement,1060,55,689,652,694,694,654,656,606,622,664,652,-4,8318,0,8318,N/A,-0.6,3902,238,0,53750,327,334,271,933,0.2132,0.213607595,0.018404908,0.102760736,0,210,34,233,117,300,38,536402891.6,131078.2007
156,1005,8,6090,806090,Pritchett School District RE-3,0,PK,12,G5420, ,E,1700309086,216455,37.3564633,-102.9631276,1.918951654,0.172918229,97000US0806090,806090,PRITCHETT,PRITCHETT RE-3,Insufficient State Data: Low Participation,240,0,70,72,72,66,76,47,53,37,50,45,-2,15680,2000,17680,N/A,-4.3,237,25,0,48750,2,5,21,27,0.1111,0.578947368,0,0.177777778,0,0,0,0,2,5,21,2695319844,250499.1961
157,1006,8,6120,806120,Pueblo City School District 60,0,PK,12,G5420, ,E,230896558,6486911,38.2514996,-104.6435747,0.780762533,0.024431998,97000US0806120,806120,PUEBLO CITY,PUEBLO CITY 60,Improvement,2690,48,18290,18504,18304,18420,17877,17692,17990,17960,17665,17299,-393,7873,0,7873,N/A,-2.2,106257,26442,6213,34672,8675,4412,5550,18637,0.7478,0.773267807,0.059309787,0.125093936,0.3334,3871,1018,205,4804,3394,5345,385537974.8,96874.85429
158,1007,8,6150,806150,Pueblo County School District 70,0,PK,12,G5420, ,E,4726049049,21016960,38.1625211,-104.5738459,4.022216405,0.488209907,97000US0806150,806150,PUEBLO RURAL,PUEBLO COUNTY 70,Accredited,2700,56,8798,8901,8929,8836,8971,9107,9257,9310,9582,9648,541,7271,0,7271,N/A,5.9,50337,4561,1016,61231,3673,2490,3229,9392,0.4226,0.422324388,0.036898839,0.132980929,0.1082,2607,1302,1734,1066,1188,1495,7698141630,500028.8572
159,1008,8,6180,806180,Rangely School District RE-4,0,PK,12,G5420, ,E,3309111158,34258,39.9402205,-108.6653685,2.59227534,0.34875131,97000US0806180,806180,RANGELY,RANGELY RE-4,Accredited,2720,64,495,517,505,480,525,561,555,542,546,536,-25,8069,1376,9445,N/A,-4.5,2788,452,52,68924,295,90,123,508,0.0951,0.314516129,0.007462687,0.106343284,0.1024,314,107,115,-19,-17,8,5637448380,327334.0968
160,1009,8,6210,806210,Ridgway School District R-2,0,PK,12,G5420, ,E,886321081,1294930,38.2012215,-107.820295,2.279056504,0.091281322,97000US0806210,806210,RIDGWAY,RIDGWAY R-2,Accredited,2590,72,349,380,380,350,366,336,343,356,356,334,-2,10780,1380,12161,N/A,-0.6,2264,134,15,60086,85,81,93,259,0.1527,0.302631579,0.023952096,0.077844311,0.0579,0,83,98,85,-2,-5,1439248038,280924.7061
161,1010,8,6240,806240,Garfield School District RE-2,0,PK,12,G5420, ,E,2083023133,6982289,39.6035624,-107.6914306,2.070758481,0.219131068,97000US0806240,806240,RIFLE,GARFIELD RE-2,Improvement,1195,53,4403,4848,4935,4980,4717,4730,4818,4828,4847,4898,168,7387,912,8299,N/A,3.6,24087,3263,1013,53634,2879,1042,1565,5487,0.4984,0.518800169,0.232135566,0.100244998,0.1846,1689,671,1308,1190,371,257,3523711226,261521.2473
162,1011,8,6270,806270,Rocky Ford School District R-2,0,KG,12,G5420, ,E,344287930,4305765,38.003602,-103.7588389,0.898906838,0.035762995,97000US0806270,806270,ROCKY FORD,ROCKY FORD R-2,Improvement,2530,55,850,859,878,862,877,825,805,809,822,837,12,8436,0,8436,N/A,1.5,5749,1201,255,31659,487,260,236,982,0.7515,0.778881988,0.054958184,0.119474313,0.2597,0,0,227,487,260,9,562502821.8,112571.8876
163,1012,8,6300,806300,Mountain Valley School District RE-1,0,KG,12,G5420, ,E,3647874033,1133274,38.1324118,-106.2972506,3.7472662,0.374798977,97000US0806300,806300,MOUNTAIN VALLEY,MOUNTAIN VALLEY RE 1,Improvement,2790,48,138,127,128,120,121,120,135,138,134,132,12,14180,0,14180,N/A,10,1552,282,61,26875,69,61,55,186,0.25,0.827868852,0.007575758,0.143939394,0.328,0,0,0,69,61,55,5903161461,461075.6146
164,1013,8,6330,806330,Salida School District R-32,0,PK,12,G5420, ,E,1214619640,745004,38.547839,-106.0518097,1.88507445,0.12558901,97000US0806330,806330,SALIDA,SALIDA R-32,Accredited,500,74,1051,1030,1085,1071,1102,1156,1176,1194,1197,1229,73,7558,1259,8816,N/A,6.3,10001,913,108,47019,530,279,374,1183,0.1937,0.351027397,0.017900732,0.09275834,0.0913,429,346,357,101,-67,17,1989887109,233113.2746
165,1014,8,6360,806360,Centennial School District R-1,0,PK,12,G5420, ,E,1726940499,5062663,37.1368555,-105.4471718,1.878729816,0.17566355,97000US0806360,806360,CENTENNIAL,CENTENNIAL R-1,Accredited,640,64,217,217,220,248,248,190,208,221,229,215,25,11972,0,11972,N/A,13.2,1604,352,67,28977,119,40,40,200,0.9442,0.778894472,0.03255814,0.102325581,0.335,0,0,62,119,40,-22,2730870211,225210.4337
166,1015,8,6390,806390,Sanford School District 6J,0,PK,12,G5420, ,E,358571286,571049,37.2786043,-105.8081166,1.267684144,0.036483383,97000US0806390,806390,SANFORD,SANFORD 6J,Accredited,560,74,354,346,340,346,354,360,395,391,372,393,33,9184,0,9184,N/A,9.2,1470,177,20,53611,146,86,78,309,0.3282,0.588075881,0.010178117,0.015267176,0.0647,204,72,117,-58,14,-39,568114921.8,156409.5021
167,1016,8,6420,806420,Sangre de Cristo School District RE-22J,0,PK,12,G5420, ,E,1196506522,626000,37.6754256,-105.7627124,1.820276963,0.12227349,97000US0806420,806420,SANGRE DE CRISTO,SANGRE DE CRISTO RE-22J,Distinction,110,84,330,317,323,312,310,316,324,337,307,297,-19,10095,0,10095,N/A,-6,1241,260,71,39236,177,35,37,249,0.3199,0.59430605,0.063973064,0.053872054,0.2851,148,65,84,29,-30,-47,1914805281,220110.9735
168,1017,8,6450,806450,Sargent School District RE-33J,0,KG,12,G5420, ,E,303817725,103196,37.651013,-106.0985565,1.016110569,0.03102922,97000US0806450,806450,SARGENT,SARGENT RE-33J,Accredited,2750,70,471,466,484,478,453,449,447,424,406,376,-73,8716,184,8900,N/A,-16.3,1016,96,30,45968,77,68,71,216,0.3059,0.359042553,0.031914894,0.069148936,0.1389,163,96,117,-86,-28,-46,485648042.4,126066.9838
169,1018,8,6480,806480,Widefield School District 3,0,PK,12,G5420, ,E,152468766,1286852,38.7561648,-104.6974328,0.577557594,0.015935355,97000US0806480,806480,WIDEFIELD,WIDEFIELD 3,Accredited,990,61,8488,8504,8851,8963,9184,9297,9364,9283,9435,9634,337,7272,437,7708,-,3.6,47457,4505,1522,59473,4565,2629,3015,10210,0.5072,0.469774534,0.020552211,0.126427237,0.1491,4074,2033,1359,491,596,1656,253245943.3,71889.71543
170,1019,8,6510,806510,Hi-Plains School District R-23,0,PK,12,G5420, ,E,1453078583,62555,39.2943894,-102.8203921,1.736459495,0.151727346,97000US0806510,806510,HI PLAINS,HI-PLAINS R-23,Accredited,1460,67,114,124,122,107,129,131,121,111,123,104,-27,13780,1388,15168,N/A,-20.6,485,78,9,33676,11,11,38,59,0.2404,0.522222222,0.028846154,0.086538462,0.1525,54,17,33,-43,-6,5,2429544474,227660.0002
171,1020,8,6540,806540,Sheridan School District 2,0,PK,12,G5420, ,E,8431486,313177,39.6477575,-105.0174566,0.15895516,0.000917594,97000US0806540,806540,SHERIDAN,SHERIDAN 2,Improvement,123,46,1519,1640,1595,1653,1641,1584,1583,1536,1538,1511,-73,8888,736,9624,N/A,-4.6,8434,2353,824,40327,632,443,506,1581,0.869,0.90701107,0.352746525,0.138318994,0.5212,0,0,369,632,443,137,14767165.44,20273.46854
172,1021,8,6570,806570,Silverton School District 1,0,PK,12,G5420, ,E,1003638261,2035929,37.7810745,-107.6702566,1.716640655,0.102833639,97000US0806570,806570,SILVERTON,SILVERTON 1,Insufficient State Data: Low Participation,2820,55,64,64,66,65,65,62,64,62,74,80,18,16156,294,16450,N/A,29,606,100,7,36324,13,8,7,27,0.3375,0.602739726,0.3125,0.05,0.2593,0,25,0,13,-17,7,1611963629,209303.346
173,1022,8,6600,806600,Big Sandy School District 100J,0,PK,12,G5420, ,E,1385889701,84865,39.0796323,-103.9454038,2.327206913,0.14431167,97000US0806600,806600,BIG SANDY,BIG SANDY 100J,Distinction,940,76,344,305,319,331,330,300,318,295,301,306,6,10618,0,10618,N/A,2,1692,182,39,55104,100,68,104,271,0.134,0.4,0.003267974,0.091503268,0.1439,154,62,90,-54,6,14,2304252784,294520.4332
174,1023,8,6630,806630,Springfield School District RE-4,0,PK,12,G5420, ,E,1473296526,5040504,37.4295502,-102.6539976,2.157512199,0.150490208,97000US0806630,806630,SPRINGFIELD,SPRINGFIELD RE-4,Accredited,250,63,305,304,300,292,300,312,299,299,307,322,10,9928,0,9928,N/A,3.2,1901,474,95,34952,153,60,108,321,0.2453,0.663043478,0.01242236,0.136645963,0.296,191,58,73,-38,2,35,2348349501,270771.6756
175,1024,8,6660,806660,Steamboat Springs School District RE-2,0,KG,12,G5420, ,E,2620288899,9540068,40.6878542,-106.8629945,3.298933909,0.28015102,97000US0806660,806660,STEAMBOAT SPRINGS,STEAMBOAT SPRINGS RE-2,Distinction,2770,80,2077,2142,2152,2233,2282,2320,2401,2468,2563,2580,260,7636,1004,8640,0.61,11.2,17677,1502,99,68676,1322,560,809,2690,0.1798,0.157957245,0.081782946,0.124418605,0.0368,1117,631,755,205,-71,54,4578296082,418083.3563
176,1025,8,6690,806690,Valley School District RE-1,0,PK,12,G5420, ,E,2171465957,13950761,40.730786,-103.112288,3.638678263,0.232964219,97000US0806690,806690,VALLEY,VALLEY RE-1,Accredited,1828,67,2501,2479,2502,2436,2350,2315,2305,2272,2295,2284,-31,7387,235,7622,N/A,-1.3,18199,3211,648,41545,1256,505,903,2665,0.3008,0.49904943,0.052977233,0.165061296,0.2432,553,494,606,703,11,297,3809752503,452296.4464
177,1026,8,6720,806720,Prairie School District RE-11,0,PK,12,G5420, ,E,1721349435,132425,40.795453,-103.77459,1.947851477,0.183539827,97000US0806720,806720,PRAIRIE,PRAIRIE RE-11,Distinction,3147,83,166,158,167,174,171,181,196,190,207,217,36,12179,380,12559,N/A,19.9,414,54,14,57750,40,20,35,95,0.0553,0.295566502,0,0.078341014,0.1474,112,49,56,-72,-29,-21,3002129329,251420.025
178,1027,8,6750,806750,Strasburg School District 31J,0,PK,12,G5420, ,E,587815706,2945458,39.8043495,-104.3051552,1.322023588,0.062133122,97000US0806750,806750,STRASBURG,STRASBURG 31J,Accredited,60,68,1006,1009,1041,1026,1022,1001,1072,1042,1036,972,-29,7906,314,8219,-,-2.9,5328,243,27,78070,473,287,446,1206,0.2016,0.268943436,0.054526749,0.16255144,0.0224,450,0,320,23,287,126,1002282849,176368.1287
